[
    {
        "websiteId": "4f8b36d00000000000000001",
        "date": "2019-04-01T00:00:00.000Z",
        "chats": 121,
        "missedChats": 0
    },
    {
        "websiteId": "4f8b36d00000000000000002",
        "date": "2019-04-01T00:00:00.000Z",
        "chats": 13,
        "missedChats": 0
    },
    {
        "websiteId": "4f8b36d00000000000000003",
        "date": "2019-04-01T00:00:00.000Z",
        "chats": 232,
        "missedChats": 9
    },
    {
        "websiteId": "4f8b36d00000000000000004",
        "date": "2019-04-01T00:00:00.000Z",
        "chats": 9,
        "missedChats": 0
    },
    {
        "websiteId": "4f8b36d00000000000000005",
        "date": "2019-04-01T00:00:00.000Z",
        "chats": 0,
        "missedChats": 0
    },
    {
        "websiteId": "4f8b36d00000000000000006",
        "date": "2019-04-01T00:00:00.000Z",
        "chats": 0,
        "missedChats": 0
    },
    {
        "websiteId": "4f8b36d00000000000000007",
        "date": "2019-04-01T00:00:00.000Z",
        "chats": 0,
        "missedChats": 1
    },
    {
        "websiteId": "4f8b36d00000000000000008",
        "date": "2019-04-01T00:00:00.000Z",
        "chats": 0,
        "missedChats": 0
    },
    {
        "websiteId": "4f8b36d00000000000000007",
        "date": "2019-04-02T00:00:00.000Z",
        "chats": 0,
        "missedChats": 1
    },
    {
        "websiteId": "4f8b36d00000000000000006",
        "date": "2019-04-02T00:00:00.000Z",
        "chats": 0,
        "missedChats": 1
    },
    {
        "websiteId": "4f8b36d00000000000000001",
        "date": "2019-04-02T00:00:00.000Z",
        "chats": 92,
        "missedChats": 1
    },
    {
        "websiteId": "4f8b36d00000000000000005",
        "date": "2019-04-02T00:00:00.000Z",
        "chats": 0,
        "missedChats": 0
    },
    {
        "websiteId": "4f8b36d00000000000000004",
        "date": "2019-04-02T00:00:00.000Z",
        "chats": 16,
        "missedChats": 4
    },
    {
        "websiteId": "4f8b36d00000000000000003",
        "date": "2019-04-02T00:00:00.000Z",
        "chats": 146,
        "missedChats": 3
    },
    {
        "websiteId": "4f8b36d00000000000000002",
        "date": "2019-04-02T00:00:00.000Z",
        "chats": 12,
        "missedChats": 3
    },
    {
        "websiteId": "4f8b36d00000000000000008",
        "date": "2019-04-02T00:00:00.000Z",
        "chats": 9,
        "missedChats": 0
    },
    {
        "websiteId": "4f8b36d00000000000000007",
        "date": "2019-04-03T00:00:00.000Z",
        "chats": 131,
        "missedChats": 67
    },
    {
        "websiteId": "4f8b36d00000000000000002",
        "date": "2019-04-03T00:00:00.000Z",
        "chats": 4,
        "missedChats": 0
    },
    {
        "websiteId": "4f8b36d00000000000000001",
        "date": "2019-04-03T00:00:00.000Z",
        "chats": 120,
        "missedChats": 0
    },
    {
        "websiteId": "4f8b36d00000000000000004",
        "date": "2019-04-03T00:00:00.000Z",
        "chats": 16,
        "missedChats": 1
    },
    {
        "websiteId": "4f8b36d00000000000000006",
        "date": "2019-04-03T00:00:00.000Z",
        "chats": 0,
        "missedChats": 0
    },
    {
        "websiteId": "4f8b36d00000000000000008",
        "date": "2019-04-03T00:00:00.000Z",
        "chats": 8,
        "missedChats": 2
    },
    {
        "websiteId": "4f8b36d00000000000000005",
        "date": "2019-04-03T00:00:00.000Z",
        "chats": 0,
        "missedChats": 0
    },
    {
        "websiteId": "4f8b36d00000000000000003",
        "date": "2019-04-03T00:00:00.000Z",
        "chats": 125,
        "missedChats": 3
    },
    {
        "websiteId": "4f8b36d00000000000000007",
        "date": "2019-04-04T00:00:00.000Z",
        "chats": 146,
        "missedChats": 103
    },
    {
        "websiteId": "4f8b36d00000000000000002",
        "date": "2019-04-04T00:00:00.000Z",
        "chats": 8,
        "missedChats": 0
    },
    {
        "websiteId": "4f8b36d00000000000000008",
        "date": "2019-04-04T00:00:00.000Z",
        "chats": 11,
        "missedChats": 1
    },
    {
        "websiteId": "4f8b36d00000000000000004",
        "date": "2019-04-04T00:00:00.000Z",
        "chats": 12,
        "missedChats": 0
    },
    {
        "websiteId": "4f8b36d00000000000000005",
        "date": "2019-04-04T00:00:00.000Z",
        "chats": 0,
        "missedChats": 0
    },
    {
        "websiteId": "4f8b36d00000000000000003",
        "date": "2019-04-04T00:00:00.000Z",
        "chats": 163,
        "missedChats": 3
    },
    {
        "websiteId": "4f8b36d00000000000000006",
        "date": "2019-04-04T00:00:00.000Z",
        "chats": 0,
        "missedChats": 0
    },
    {
        "websiteId": "4f8b36d00000000000000001",
        "date": "2019-04-04T00:00:00.000Z",
        "chats": 122,
        "missedChats": 0
    },
    {
        "websiteId": "4f8b36d00000000000000003",
        "date": "2019-04-05T00:00:00.000Z",
        "chats": 157,
        "missedChats": 10
    },
    {
        "websiteId": "4f8b36d00000000000000007",
        "date": "2019-04-05T00:00:00.000Z",
        "chats": 349,
        "missedChats": 252
    },
    {
        "websiteId": "4f8b36d00000000000000008",
        "date": "2019-04-05T00:00:00.000Z",
        "chats": 9,
        "missedChats": 2
    },
    {
        "websiteId": "4f8b36d00000000000000002",
        "date": "2019-04-05T00:00:00.000Z",
        "chats": 12,
        "missedChats": 0
    },
    {
        "websiteId": "4f8b36d00000000000000005",
        "date": "2019-04-05T00:00:00.000Z",
        "chats": 0,
        "missedChats": 0
    },
    {
        "websiteId": "4f8b36d00000000000000006",
        "date": "2019-04-05T00:00:00.000Z",
        "chats": 0,
        "missedChats": 1
    },
    {
        "websiteId": "4f8b36d00000000000000004",
        "date": "2019-04-05T00:00:00.000Z",
        "chats": 6,
        "missedChats": 0
    },
    {
        "websiteId": "4f8b36d00000000000000001",
        "date": "2019-04-05T00:00:00.000Z",
        "chats": 151,
        "missedChats": 2
    },
    {
        "websiteId": "4f8b36d00000000000000007",
        "date": "2019-04-06T00:00:00.000Z",
        "chats": 252,
        "missedChats": 424
    },
    {
        "websiteId": "4f8b36d00000000000000002",
        "date": "2019-04-06T00:00:00.000Z",
        "chats": 0,
        "missedChats": 0
    },
    {
        "websiteId": "4f8b36d00000000000000001",
        "date": "2019-04-06T00:00:00.000Z",
        "chats": 122,
        "missedChats": 1
    },
    {
        "websiteId": "4f8b36d00000000000000003",
        "date": "2019-04-06T00:00:00.000Z",
        "chats": 148,
        "missedChats": 7
    },
    {
        "websiteId": "4f8b36d00000000000000004",
        "date": "2019-04-06T00:00:00.000Z",
        "chats": 0,
        "missedChats": 0
    },
    {
        "websiteId": "4f8b36d00000000000000005",
        "date": "2019-04-06T00:00:00.000Z",
        "chats": 0,
        "missedChats": 0
    },
    {
        "websiteId": "4f8b36d00000000000000006",
        "date": "2019-04-06T00:00:00.000Z",
        "chats": 0,
        "missedChats": 0
    },
    {
        "websiteId": "4f8b36d00000000000000008",
        "date": "2019-04-06T00:00:00.000Z",
        "chats": 0,
        "missedChats": 0
    },
    {
        "websiteId": "4f8b36d00000000000000001",
        "date": "2019-04-07T00:00:00.000Z",
        "chats": 122,
        "missedChats": 2
    },
    {
        "websiteId": "4f8b36d00000000000000002",
        "date": "2019-04-07T00:00:00.000Z",
        "chats": 0,
        "missedChats": 0
    },
    {
        "websiteId": "4f8b36d00000000000000007",
        "date": "2019-04-07T00:00:00.000Z",
        "chats": 218,
        "missedChats": 250
    },
    {
        "websiteId": "4f8b36d00000000000000003",
        "date": "2019-04-07T00:00:00.000Z",
        "chats": 207,
        "missedChats": 4
    },
    {
        "websiteId": "4f8b36d00000000000000004",
        "date": "2019-04-07T00:00:00.000Z",
        "chats": 0,
        "missedChats": 0
    },
    {
        "websiteId": "4f8b36d00000000000000006",
        "date": "2019-04-07T00:00:00.000Z",
        "chats": 0,
        "missedChats": 0
    },
    {
        "websiteId": "4f8b36d00000000000000005",
        "date": "2019-04-07T00:00:00.000Z",
        "chats": 0,
        "missedChats": 0
    },
    {
        "websiteId": "4f8b36d00000000000000008",
        "date": "2019-04-07T00:00:00.000Z",
        "chats": 0,
        "missedChats": 0
    },
    {
        "websiteId": "4f8b36d00000000000000004",
        "date": "2019-04-08T00:00:00.000Z",
        "chats": 7,
        "missedChats": 0
    },
    {
        "websiteId": "4f8b36d00000000000000001",
        "date": "2019-04-08T00:00:00.000Z",
        "chats": 132,
        "missedChats": 0
    },
    {
        "websiteId": "4f8b36d00000000000000007",
        "date": "2019-04-08T00:00:00.000Z",
        "chats": 215,
        "missedChats": 354
    },
    {
        "websiteId": "4f8b36d00000000000000002",
        "date": "2019-04-08T00:00:00.000Z",
        "chats": 3,
        "missedChats": 0
    },
    {
        "websiteId": "4f8b36d00000000000000003",
        "date": "2019-04-08T00:00:00.000Z",
        "chats": 223,
        "missedChats": 6
    },
    {
        "websiteId": "4f8b36d00000000000000005",
        "date": "2019-04-08T00:00:00.000Z",
        "chats": 0,
        "missedChats": 0
    },
    {
        "websiteId": "4f8b36d00000000000000008",
        "date": "2019-04-08T00:00:00.000Z",
        "chats": 11,
        "missedChats": 3
    },
    {
        "websiteId": "4f8b36d00000000000000006",
        "date": "2019-04-08T00:00:00.000Z",
        "chats": 0,
        "missedChats": 1
    },
    {
        "websiteId": "4f8b36d00000000000000001",
        "date": "2019-04-09T00:00:00.000Z",
        "chats": 118,
        "missedChats": 0
    },
    {
        "websiteId": "4f8b36d00000000000000007",
        "date": "2019-04-09T00:00:00.000Z",
        "chats": 138,
        "missedChats": 267
    },
    {
        "websiteId": "4f8b36d00000000000000004",
        "date": "2019-04-09T00:00:00.000Z",
        "chats": 13,
        "missedChats": 0
    },
    {
        "websiteId": "4f8b36d00000000000000008",
        "date": "2019-04-09T00:00:00.000Z",
        "chats": 13,
        "missedChats": 5
    },
    {
        "websiteId": "4f8b36d00000000000000002",
        "date": "2019-04-09T00:00:00.000Z",
        "chats": 6,
        "missedChats": 0
    },
    {
        "websiteId": "4f8b36d00000000000000005",
        "date": "2019-04-09T00:00:00.000Z",
        "chats": 0,
        "missedChats": 0
    },
    {
        "websiteId": "4f8b36d00000000000000006",
        "date": "2019-04-09T00:00:00.000Z",
        "chats": 0,
        "missedChats": 1
    },
    {
        "websiteId": "4f8b36d00000000000000003",
        "date": "2019-04-09T00:00:00.000Z",
        "chats": 262,
        "missedChats": 8
    },
    {
        "websiteId": "4f8b36d00000000000000001",
        "date": "2019-04-10T00:00:00.000Z",
        "chats": 109,
        "missedChats": 0
    },
    {
        "websiteId": "4f8b36d00000000000000002",
        "date": "2019-04-10T00:00:00.000Z",
        "chats": 3,
        "missedChats": 2
    },
    {
        "websiteId": "4f8b36d00000000000000003",
        "date": "2019-04-10T00:00:00.000Z",
        "chats": 208,
        "missedChats": 43
    },
    {
        "websiteId": "4f8b36d00000000000000008",
        "date": "2019-04-10T00:00:00.000Z",
        "chats": 0,
        "missedChats": 0
    },
    {
        "websiteId": "4f8b36d00000000000000005",
        "date": "2019-04-10T00:00:00.000Z",
        "chats": 0,
        "missedChats": 0
    },
    {
        "websiteId": "4f8b36d00000000000000007",
        "date": "2019-04-10T00:00:00.000Z",
        "chats": 287,
        "missedChats": 456
    },
    {
        "websiteId": "4f8b36d00000000000000004",
        "date": "2019-04-10T00:00:00.000Z",
        "chats": 10,
        "missedChats": 2
    },
    {
        "websiteId": "4f8b36d00000000000000006",
        "date": "2019-04-10T00:00:00.000Z",
        "chats": 0,
        "missedChats": 0
    },
    {
        "websiteId": "4f8b36d00000000000000003",
        "date": "2019-04-11T00:00:00.000Z",
        "chats": 294,
        "missedChats": 21
    },
    {
        "websiteId": "4f8b36d00000000000000007",
        "date": "2019-04-11T00:00:00.000Z",
        "chats": 15,
        "missedChats": 763
    },
    {
        "websiteId": "4f8b36d00000000000000005",
        "date": "2019-04-11T00:00:00.000Z",
        "chats": 0,
        "missedChats": 0
    },
    {
        "websiteId": "4f8b36d00000000000000006",
        "date": "2019-04-11T00:00:00.000Z",
        "chats": 0,
        "missedChats": 0
    },
    {
        "websiteId": "4f8b36d00000000000000002",
        "date": "2019-04-11T00:00:00.000Z",
        "chats": 5,
        "missedChats": 2
    },
    {
        "websiteId": "4f8b36d00000000000000004",
        "date": "2019-04-11T00:00:00.000Z",
        "chats": 2,
        "missedChats": 3
    },
    {
        "websiteId": "4f8b36d00000000000000008",
        "date": "2019-04-11T00:00:00.000Z",
        "chats": 0,
        "missedChats": 0
    },
    {
        "websiteId": "4f8b36d00000000000000001",
        "date": "2019-04-11T00:00:00.000Z",
        "chats": 155,
        "missedChats": 1
    },
    {
        "websiteId": "4f8b36d00000000000000007",
        "date": "2019-04-12T00:00:00.000Z",
        "chats": 0,
        "missedChats": 854
    },
    {
        "websiteId": "4f8b36d00000000000000003",
        "date": "2019-04-12T00:00:00.000Z",
        "chats": 315,
        "missedChats": 23
    },
    {
        "websiteId": "4f8b36d00000000000000001",
        "date": "2019-04-12T00:00:00.000Z",
        "chats": 112,
        "missedChats": 0
    },
    {
        "websiteId": "4f8b36d00000000000000008",
        "date": "2019-04-12T00:00:00.000Z",
        "chats": 0,
        "missedChats": 0
    },
    {
        "websiteId": "4f8b36d00000000000000002",
        "date": "2019-04-12T00:00:00.000Z",
        "chats": 4,
        "missedChats": 1
    },
    {
        "websiteId": "4f8b36d00000000000000004",
        "date": "2019-04-12T00:00:00.000Z",
        "chats": 3,
        "missedChats": 0
    },
    {
        "websiteId": "4f8b36d00000000000000006",
        "date": "2019-04-12T00:00:00.000Z",
        "chats": 0,
        "missedChats": 0
    },
    {
        "websiteId": "4f8b36d00000000000000005",
        "date": "2019-04-12T00:00:00.000Z",
        "chats": 0,
        "missedChats": 0
    },
    {
        "websiteId": "4f8b36d00000000000000001",
        "date": "2019-04-13T00:00:00.000Z",
        "chats": 92,
        "missedChats": 4
    },
    {
        "websiteId": "4f8b36d00000000000000007",
        "date": "2019-04-13T00:00:00.000Z",
        "chats": 0,
        "missedChats": 664
    },
    {
        "websiteId": "4f8b36d00000000000000004",
        "date": "2019-04-13T00:00:00.000Z",
        "chats": 0,
        "missedChats": 0
    },
    {
        "websiteId": "4f8b36d00000000000000008",
        "date": "2019-04-13T00:00:00.000Z",
        "chats": 0,
        "missedChats": 0
    },
    {
        "websiteId": "4f8b36d00000000000000006",
        "date": "2019-04-13T00:00:00.000Z",
        "chats": 0,
        "missedChats": 1
    },
    {
        "websiteId": "4f8b36d00000000000000003",
        "date": "2019-04-13T00:00:00.000Z",
        "chats": 353,
        "missedChats": 28
    },
    {
        "websiteId": "4f8b36d00000000000000002",
        "date": "2019-04-13T00:00:00.000Z",
        "chats": 0,
        "missedChats": 0
    },
    {
        "websiteId": "4f8b36d00000000000000005",
        "date": "2019-04-13T00:00:00.000Z",
        "chats": 0,
        "missedChats": 0
    },
    {
        "websiteId": "4f8b36d00000000000000006",
        "date": "2019-04-14T00:00:00.000Z",
        "chats": 0,
        "missedChats": 0
    },
    {
        "websiteId": "4f8b36d00000000000000001",
        "date": "2019-04-14T00:00:00.000Z",
        "chats": 0,
        "missedChats": 0
    },
    {
        "websiteId": "4f8b36d00000000000000004",
        "date": "2019-04-14T00:00:00.000Z",
        "chats": 0,
        "missedChats": 0
    },
    {
        "websiteId": "4f8b36d00000000000000002",
        "date": "2019-04-14T00:00:00.000Z",
        "chats": 0,
        "missedChats": 0
    },
    {
        "websiteId": "4f8b36d00000000000000007",
        "date": "2019-04-14T00:00:00.000Z",
        "chats": 2,
        "missedChats": 616
    },
    {
        "websiteId": "4f8b36d00000000000000003",
        "date": "2019-04-14T00:00:00.000Z",
        "chats": 279,
        "missedChats": 18
    },
    {
        "websiteId": "4f8b36d00000000000000008",
        "date": "2019-04-14T00:00:00.000Z",
        "chats": 0,
        "missedChats": 0
    },
    {
        "websiteId": "4f8b36d00000000000000005",
        "date": "2019-04-14T00:00:00.000Z",
        "chats": 0,
        "missedChats": 0
    }
]